﻿Designator,Footprint,Quantity,Value,LCSC Part #
"C1, C2",0402,2,30pF,C1570
"C10, C11, C12, C13, C14, C5, C6, C7, C8, C9",0402,10,0.1uF,C307331
"C15, C16",0402,2,10uF,C15525
"C3, C4",0402,2,1uF,C52923
J1,HRO_TYPE-C-31-M-12,1,HRO_TYPE-C-31-M-12,C165948
J2,JUSHUO_AFC01-S16FCC-00,1,FFC Connector,C262272
"R1, R3",0402,2,10K,C25744
"R2, R4",0402,2,1K,C11702
"R5, R6",0402,2,27,C25100
"R7, R8",0402,2,5.1K,C25905
"SW_B1, SW_R1",Tactile_Switch_SKRP_Series,2,Alps_Alpine_SKRP,C115360
U1,SOT-23-5,1,AP2112K-3.3,C51118
U2,XSON-8-EP_4x4mm,1,W25Q64JVXGIQ,C2940195
U3,RP2040_QFN-56,1,Raspberry_Pi_RP2040,C2040
Y1,Crystal_SMD_3225-4Pin_3.2x2.5mm,1,12MHz,C9002
